dv,F,df1,df2,p,eta2_approx,reject_H0(alpha=0.05)
F1,7.136973947487004,6.0,90.0491064937782,3.0438797555526e-06,0.3222814590196748,True
