,acc,acc,precision,precision,recall,recall,f1,f1,roc_auc,roc_auc
,mean,std,mean,std,mean,std,mean,std,mean,std
experiment,,,,,,,,,,
DatasetSeg2classes,0.8525574268441692,0.04788570213172688,0.8083516282740606,0.07677908637944617,0.8059934018796249,0.12790916378812994,0.7990581411475517,0.07475406144307382,0.9238357266237006,0.032889726108335
