,acc,precision,recall,f1,roc_auc
mean,0.8512335467326747,0.7966093583947714,0.8267719261502073,0.807352175884223,0.9386559913403508
std,0.04294344323660815,0.07149601721244148,0.08703979141856054,0.05681668481763331,0.023917873568398598
