,acc,precision,recall,f1,roc_auc
mean,0.871140505330253,0.822786022691158,0.8469565232955326,0.8322731336402885,0.9440763462765358
std,0.04467210637796027,0.08100492328037322,0.07258304831692149,0.06297217703171275,0.023786744373665437
