,acc,precision,recall,f1,roc_auc
mean,0.8306588859169233,0.7800905077607864,0.7746154602191756,0.772787254430455,0.8991197188170781
std,0.03920902372089516,0.06790373153815535,0.09289339827991452,0.05522992010181499,0.03942093921327876
