,acc,precision,recall,f1,roc_auc
mean,0.8525574268441692,0.8083516282740605,0.8059934018796249,0.7990581411475518,0.9238357266237007
std,0.04788570213172688,0.07677908637944618,0.12790916378812997,0.07475406144307382,0.032889726108334995
