,acc,precision,recall,f1,roc_auc
mean,0.875099466355009,0.8388740107489266,0.8364215537357952,0.8329369494138736,0.954602671250923
std,0.038662780340024884,0.06195466416546641,0.09715103414210417,0.05272229356253532,0.023471800223934226
