,acc,precision,recall,f1,roc_auc
mean,0.830760906539684,0.7906786894773165,0.7554130051808072,0.7660883184420778,0.905586347143004
std,0.05310108703038419,0.10349029112100896,0.10682530054398547,0.07975740557666358,0.04027338125998664
