,acc,precision,recall,f1,roc_auc
mean,0.8248093093756871,0.7742748279761,0.764402952002057,0.7623550033516632,0.9054253829906909
std,0.0422606590968456,0.08215828537506932,0.10576629211624662,0.06026412347110183,0.03974791380695395
