dv,F,df1,df2,p,eta2_approx,reject_H0(alpha=0.05)
F1,7.136973947487004,6.0,90.04910649377821,3.0438797555525913e-06,0.3222814590196747,True
